{
    "numerical_summary": {
        "age": {
            "count": 500.0,
            "mean": 41.278,
            "std": 13.389072055262158,
            "min": 18.0,
            "25%": 30.0,
            "50%": 42.0,
            "75%": 52.0,
            "max": 64.0
        },
        "salary": {
            "count": 500.0,
            "mean": 73283.368,
            "std": 26734.180601496708,
            "min": 30055.0,
            "25%": 50377.5,
            "50%": 71492.5,
            "75%": 96210.75,
            "max": 119930.0
        },
        "experience": {
            "count": 500.0,
            "mean": 20.126,
            "std": 11.277254850091303,
            "min": 0.0,
            "25%": 11.0,
            "50%": 20.0,
            "75%": 30.0,
            "max": 39.0
        },
        "label": {
            "count": 500.0,
            "mean": 0.388,
            "std": 0.4877825988362592,
            "min": 0.0,
            "25%": 0.0,
            "50%": 0.0,
            "75%": 1.0,
            "max": 1.0
        }
    },
    "categorical_summary": {
        "department": {
            "Marketing": "131",
            "HR": "129",
            "Engineering": "126",
            "Sales": "114"
        },
        "location": {
            "New York": "136",
            "San Francisco": "130",
            "Chicago": "118",
            "Austin": "116"
        },
        "education_level": {
            "Masters": "175",
            "Bachelors": "170",
            "PhD": "155"
        }
    },
    "class_balance": {
        "class_distribution": {
            "0": 306,
            "1": 194
        }
    }
}